nzpolitics,0,0,0,0,0,0,0,0,0,0,0,9,0,0,0,9,9,0,0,0,0,0
gamernews,0,0,0,0,0,0,9,0,0,0,0,0,0,0,0,6,0,0,0,0,0,0
todayilearned,0,0,0,0,0,0,0,0,0,0,0,0,6,0,0,0,0,6,0,0,0,0
drunkpoetryslam,0,0,0,0,6,0,0,0,0,0,0,0,0,0,0,0,0,0,0,9,0,0
Aquariums,0,0,0,0,0,0,0,0,3,0,0,0,0,0,0,0,0,0,0,0,9,9
pokemonrp,0,6,0,0,0,0,9,0,0,0,0,0,0,0,0,0,0,0,0,0,0,0
webhosting,0,0,0,0,0,0,0,9,0,0,0,0,0,0,0,0,0,0,0,0,0,0
GreenBayPackers,0,0,0,0,0,0,0,0,0,0,9,6,0,0,0,0,0,0,0,0,0,0
climbing,0,0,0,0,0,0,0,0,0,0,0,0,6,0,0,0,0,0,0,0,0,6
screenshots,0,0,0,0,0,0,0,0,0,0,0,0,6,0,0,0,0,0,0,6,0,0
Cinemagraphs,9,6,0,0,0,0,0,3,0,0,0,0,0,0,0,0,0,0,0,0,0,0
longboarding,0,0,0,0,0,0,0,0,0,0,6,0,0,0,0,0,0,0,0,0,0,0
demonssouls,0,0,0,0,0,0,9,0,0,0,0,0,0,0,0,0,0,0,0,0,0,0
japansports,0,0,0,0,0,0,0,0,0,0,9,6,0,0,0,0,0,0,0,0,0,0
sharepoint,0,0,0,0,0,0,0,9,0,0,0,0,0,0,0,0,0,0,0,0,0,0
RepublicOfNews,0,0,0,0,0,0,0,0,0,0,0,0,0,0,0,9,9,0,0,0,0,0
Cardinals,0,0,0,0,0,0,0,0,0,0,9,6,0,0,0,0,0,0,0,0,0,0
kof,0,0,0,0,0,0,9,0,0,0,0,0,0,0,0,0,0,0,0,0,0,0
gopro,0,0,0,0,0,0,0,6,0,0,0,0,0,0,0,0,0,0,0,0,0,6
criterion,9,0,0,0,0,0,0,0,0,0,0,0,0,0,0,0,0,0,0,0,0,0
KCRoyals,0,0,0,0,0,0,0,0,0,0,9,6,0,0,0,0,0,0,0,0,0,0
ShadowPVP,0,0,0,0,0,0,9,0,0,0,0,0,0,0,0,0,0,0,0,0,0,0
itmejp,0,0,0,0,0,0,9,0,0,0,0,0,0,0,0,0,0,0,0,0,0,0
ObjectiveC,0,0,0,0,0,0,0,9,0,0,0,0,0,0,0,0,0,0,0,0,0,0
harvestmoon,0,0,0,0,0,0,9,0,0,0,0,0,0,0,0,0,0,0,0,0,0,0
howardstern,0,6,0,0,0,0,0,0,0,0,0,0,0,0,0,0,0,0,0,9,0,0
pornID,0,0,0,0,0,0,0,0,0,0,0,0,0,9,0,0,0,0,0,0,0,0
IndianaUniversity,0,0,0,0,0,0,0,0,0,0,6,9,0,0,0,0,0,0,0,0,0,0
askscience,0,0,0,0,0,0,0,0,9,0,0,0,0,0,0,0,0,0,0,0,0,0
hwstartups,0,0,0,0,0,0,0,9,0,0,0,0,0,0,0,0,0,0,0,0,0,0
astrophotography,0,0,0,0,0,0,0,0,9,0,0,0,0,0,0,0,0,0,0,0,0,6
WMU,0,0,0,0,0,0,0,0,0,0,6,9,0,0,0,0,0,0,0,0,0,0
germanshepherds,0,0,0,0,0,0,0,0,0,0,0,0,0,0,0,0,0,0,0,0,9,0
realdubstep,0,0,9,0,0,0,0,0,0,0,0,0,0,0,0,0,0,0,0,0,0,0
f7u12_ham,0,0,0,0,0,0,0,0,0,3,0,0,0,0,0,0,0,0,0,9,0,0
AtlantaHawks,0,0,0,0,0,0,0,0,0,0,9,6,0,0,0,0,0,0,0,0,0,0
Plumbing,0,0,0,0,0,0,0,3,0,0,0,0,6,0,0,0,0,0,0,0,0,0
mcstaff,0,0,0,0,0,0,9,9,0,0,0,0,0,0,0,0,0,0,0,0,0,0
editing,6,0,0,0,0,0,0,6,0,0,0,0,0,0,0,0,0,0,0,0,0,0
transgender,0,0,0,0,0,0,0,0,0,0,0,0,0,6,9,0,0,0,0,0,0,0
allthingsprotoss,0,0,0,0,0,0,9,0,0,0,0,0,0,0,0,0,0,0,0,0,0,0
Swimming,0,0,0,0,0,0,0,0,0,0,9,0,0,0,0,0,0,0,0,0,0,0
ihaveissues,0,0,0,0,0,0,0,0,0,0,0,0,9,6,0,0,0,0,0,0,0,0
waterloo,0,0,0,0,0,0,0,0,0,0,0,9,0,0,0,6,0,0,0,0,0,0
worldpolitics,0,0,0,0,0,0,0,0,0,0,0,0,0,0,0,9,9,0,0,0,0,0
baconit,0,0,0,0,0,9,0,9,0,3,0,0,0,0,0,0,0,0,0,0,0,0
florida,0,0,0,0,0,0,0,0,0,0,0,9,0,0,0,9,9,0,0,0,0,0
reloading,0,0,0,0,0,0,0,0,0,0,0,0,6,0,0,0,0,0,0,0,0,0
adoptareddit,0,0,0,0,0,0,0,0,0,9,0,0,0,0,0,0,0,0,0,0,0,0
HiTMAN,0,0,0,0,0,0,9,0,0,0,0,0,0,0,0,0,0,0,0,0,0,0
dontstarve,0,0,0,0,0,0,9,0,0,0,0,0,0,0,0,0,0,0,0,0,0,0
GalaxyNexus,0,0,0,0,0,0,0,9,0,0,0,0,0,0,0,0,0,0,0,0,0,0
witcher,0,0,0,0,0,0,9,0,0,0,0,0,0,0,0,0,0,0,0,0,0,0
bartenders,0,0,0,0,0,0,0,0,0,0,0,0,6,0,0,0,0,0,0,0,0,0
knockers,0,0,0,0,0,0,0,0,0,0,0,0,0,9,0,0,0,0,0,0,0,0
Gunpla,0,6,0,0,0,0,0,0,0,0,0,0,0,0,0,0,0,0,0,0,0,0
curvygirls,0,0,0,0,0,0,0,0,0,0,0,0,0,9,0,0,0,0,0,0,0,0
raisingkids,0,0,0,0,0,0,0,0,0,0,0,0,9,0,0,0,0,0,0,0,0,0
watercooling,0,0,0,0,0,0,6,9,0,0,0,0,0,0,0,0,0,0,0,0,0,0
XWingTMG,0,0,0,0,0,0,9,0,0,0,0,0,0,0,0,0,0,0,0,0,0,0
PlayingGuitar,0,0,9,0,0,0,0,0,0,0,0,0,3,0,0,0,0,0,0,0,0,0
DoctorWhumour,0,9,0,0,0,0,0,0,0,0,0,0,0,0,0,0,0,0,0,9,0,0
Boxing,0,0,0,0,0,0,0,0,0,0,9,0,0,0,0,0,0,0,0,0,0,0
AntiJokes,0,0,0,0,0,0,0,0,0,0,0,0,0,0,0,0,0,0,0,9,0,0
Warmachine,0,0,0,0,0,0,6,0,0,0,0,0,0,0,0,0,0,0,0,0,0,0
olderlesbians,0,0,0,0,0,0,0,0,0,0,0,0,0,9,9,0,0,0,0,0,0,0
pokemonsprites,0,0,0,0,0,0,9,0,0,0,0,0,0,0,0,0,0,0,0,0,0,0
LumiaLovers,0,0,0,0,0,0,0,6,0,0,0,0,0,0,0,0,0,0,0,0,0,0
gamingnews,0,0,0,0,0,0,9,0,0,0,0,0,0,0,0,6,0,0,0,0,0,0
Cleveland,0,0,0,0,0,0,0,0,0,0,3,9,0,0,0,6,6,0,0,0,0,0
hentai,0,0,0,0,0,0,0,0,0,0,0,0,0,9,0,0,0,0,0,0,0,0
WinnipegBlueBombers,0,0,0,0,0,0,0,0,0,0,9,6,0,0,0,0,0,0,0,0,0,0
omegle,0,0,0,0,0,0,0,6,0,0,0,0,0,0,0,0,0,0,0,0,0,0
ICoveredASong,0,0,9,0,0,0,0,0,0,0,0,0,0,0,0,0,0,0,0,0,0,0
TalesFromRetail,0,0,0,0,0,0,0,0,0,0,0,0,9,0,0,0,0,0,0,6,0,0
BostonSocialClub,0,0,0,0,0,0,0,0,0,0,0,9,0,0,0,0,0,0,0,0,0,0
ontario,0,0,0,0,0,0,0,0,0,0,0,9,0,0,0,9,6,0,0,0,0,0
Iowa,0,0,0,0,0,0,0,0,0,0,0,9,0,0,0,6,6,0,0,0,0,0
mentalhealth,0,0,0,0,0,0,0,0,6,0,0,0,9,0,0,0,0,0,0,0,0,0
dirtysmall,0,0,0,0,0,0,0,0,0,0,0,0,0,9,0,0,0,0,0,0,0,0
Minecraft,0,0,0,0,0,0,9,0,0,0,0,0,0,0,0,0,0,0,0,0,0,0
tales,0,9,0,0,0,0,0,0,0,0,0,0,0,0,0,0,0,0,0,0,0,0
linuxadmin,0,0,0,0,0,0,0,9,0,0,0,0,0,0,0,0,0,0,0,0,0,0
lansing,0,0,0,0,0,0,0,0,0,0,0,9,0,0,0,6,0,0,0,0,0,0
providence,0,0,0,0,0,0,0,0,0,0,0,9,0,0,0,6,6,0,0,0,0,0
okc,0,0,0,0,0,0,0,0,0,0,3,9,0,0,0,6,6,0,0,0,0,0
shakespeare,0,0,0,0,9,0,0,0,0,0,0,0,0,0,0,0,0,6,0,0,0,0
Clannad,0,9,0,0,0,0,0,0,0,0,0,0,0,0,0,0,0,0,0,0,0,0
tea,0,0,0,0,0,9,0,0,0,0,0,0,0,0,0,0,0,0,0,0,0,0
mcapoc,0,0,0,0,0,0,9,0,0,0,0,0,0,0,0,0,0,0,0,0,0,0
GameTrade,0,0,0,0,0,0,9,0,0,0,0,0,0,0,0,0,0,0,0,0,0,0
downtempo,0,0,9,0,0,0,0,0,0,0,0,0,0,0,0,0,0,0,0,0,0,0
gonewildcurvy,0,0,0,0,0,0,0,0,0,0,0,0,0,9,0,0,0,0,0,0,0,0
dogs,0,0,0,0,0,0,0,0,0,0,0,0,0,0,0,0,0,0,0,0,9,0
winterporn,0,0,0,0,0,0,0,0,0,0,0,0,0,0,0,0,0,0,0,0,0,9
anime,0,9,0,0,0,0,0,0,0,0,0,0,0,0,0,0,0,0,0,0,0,0
obama,0,0,0,0,0,0,0,0,0,0,0,0,0,0,0,9,9,0,0,0,0,0
columbia,0,0,0,0,0,0,0,0,0,0,6,9,0,0,0,0,0,0,0,0,0,0
indie_rock,0,0,9,0,0,0,0,0,0,0,0,0,0,0,0,0,0,0,0,0,0,0
sarasota,0,0,0,0,0,0,0,0,0,0,0,9,0,0,0,6,6,0,0,0,0,0
mexicocirclejerk,0,0,0,0,0,0,0,0,0,9,0,9,0,0,0,0,0,0,0,0,0,0
wordcount,0,0,0,0,9,0,0,0,0,0,0,0,0,0,0,0,0,0,0,0,0,0
ColoradoAvalanche,0,0,0,0,0,0,0,0,0,0,9,6,0,0,0,0,0,0,0,0,0,0
postpunk,0,0,9,0,0,0,0,0,0,0,0,0,0,0,0,0,0,0,0,0,0,0
Mommit,0,0,0,0,0,0,0,0,0,0,0,0,9,0,0,0,0,0,0,0,0,0
SteamTrade,0,0,0,0,0,0,9,0,0,0,0,0,0,0,0,0,0,0,0,0,0,0
BobsBurgers,0,9,0,0,0,0,0,0,0,0,0,0,0,0,0,0,0,0,0,0,0,0
UpRaid,0,0,0,0,0,0,9,0,0,0,0,0,0,0,0,0,0,0,0,0,0,0
shittyadviceanimals,0,0,0,0,0,0,0,0,0,6,0,0,0,0,0,0,0,0,0,9,0,0
wowscrolls,0,0,0,0,0,0,9,0,0,0,0,0,0,0,0,0,0,0,0,0,0,0
Physics,0,0,0,0,0,0,0,0,9,0,0,0,0,0,0,0,0,0,0,0,0,0
britishcolumbia,0,0,0,0,0,0,0,0,0,0,0,9,0,0,0,6,6,0,0,0,0,0
minecraftseeds,0,0,0,0,0,0,9,0,0,0,0,0,0,0,0,0,0,0,0,0,0,0
Morrowind,0,0,0,0,0,0,9,0,0,0,0,0,0,0,0,0,0,0,0,0,0,0
alphas,0,9,0,0,0,0,0,0,0,0,0,0,0,0,0,0,0,0,0,0,0,0
short,0,0,0,0,0,0,0,0,0,0,0,0,9,0,0,0,0,0,0,0,0,0
darksouls,0,0,0,0,0,0,9,0,0,0,0,0,0,0,0,0,0,0,0,0,0,0
Uberia,0,0,0,0,0,0,0,0,0,0,0,9,0,0,0,6,6,0,0,0,0,0
hawkthorne,0,0,0,0,0,0,9,3,0,0,0,0,0,0,0,0,0,0,0,0,0,0
punk,0,0,9,0,0,0,0,0,0,0,0,0,0,0,0,0,0,0,0,0,0,0
Essex,0,0,0,0,0,0,0,0,0,0,0,9,0,0,0,6,6,0,0,0,0,0
relationship_advice,0,0,0,0,0,0,0,0,0,0,0,0,9,9,0,0,0,0,0,0,0,0
familyguy,0,9,0,0,0,0,0,0,0,0,0,0,0,0,0,0,0,0,0,0,0,0
men_in_panties,0,0,0,0,0,0,0,0,0,0,0,0,0,9,9,0,0,0,0,0,0,0
PickAnAndroidForMe,0,0,0,0,0,0,0,9,0,0,0,0,0,0,0,0,0,0,0,0,0,0
starlets,0,0,0,0,0,0,0,0,0,0,0,0,0,9,0,0,0,0,0,0,0,0
redditguild,0,0,0,0,0,0,0,0,0,9,0,0,0,0,0,0,0,0,0,0,0,0
falcons,0,0,0,0,0,0,0,0,0,0,9,6,0,0,0,0,0,0,0,0,0,0
HermitCraft,0,0,0,0,0,0,9,0,0,0,0,0,0,0,0,0,0,0,0,0,0,0
Foofighters,0,0,9,0,0,0,0,0,0,0,0,0,0,0,0,0,0,0,0,0,0,0
anal,0,0,0,0,0,0,0,0,0,0,0,0,0,9,0,0,0,0,0,0,0,0
waterporn,0,0,0,0,0,0,0,0,0,0,0,0,0,0,0,0,0,0,0,0,0,9
DesktopDetective,0,0,0,0,0,0,0,9,0,0,0,0,0,0,0,0,0,0,0,0,0,0
xbmc,0,0,0,0,0,0,0,9,0,0,0,0,0,0,0,0,0,0,0,0,0,0
RedditNZB,0,0,0,0,0,0,0,9,0,0,0,0,0,0,0,0,0,0,0,0,0,0
Jazz,0,0,9,0,0,0,0,0,0,0,0,0,0,0,0,0,0,6,0,0,0,0
malehairadvice,0,0,0,0,0,0,0,0,0,0,0,0,9,0,0,0,0,0,0,0,0,0
HIFW,0,0,0,0,0,0,0,0,0,0,0,0,6,0,0,0,0,0,0,9,0,0
KitchenConfidential,0,0,0,0,0,6,0,0,0,0,0,0,6,0,0,0,0,0,0,0,0,0
london,0,0,0,0,0,0,0,0,0,0,0,9,0,0,0,6,6,0,0,0,0,0
PlayBook,0,0,0,0,0,0,0,9,0,0,0,0,0,0,0,0,0,0,0,0,0,0
electronic_circuits,0,0,0,0,0,0,0,9,0,0,0,0,0,0,0,0,0,0,0,0,0,0
redditgw2,0,0,0,0,0,0,9,0,0,0,0,0,0,0,0,0,0,0,0,0,0,0
koreanvariety,0,9,0,0,0,0,0,0,0,0,0,9,0,0,0,0,0,0,0,0,0,0
badcompany2,0,0,0,0,0,0,9,0,0,0,0,0,0,0,0,0,0,0,0,0,0,0
etymology,0,0,0,0,6,0,0,0,6,0,0,0,0,0,0,0,0,0,0,0,0,0
edmprodcirclejerk,0,0,9,0,0,0,0,0,0,0,0,0,0,0,0,0,0,0,0,9,0,0
GrandTheftAutoV,0,0,0,0,0,0,9,0,0,0,0,0,0,0,0,0,0,0,0,0,0,0
SeaList,0,0,0,0,0,0,0,0,0,0,0,9,0,0,0,0,0,0,0,0,0,0
baconreader,0,0,0,0,0,0,0,9,0,0,0,0,0,0,0,0,0,0,0,0,0,0
youtubecomments,0,0,0,0,0,0,0,0,0,0,0,0,0,0,0,0,0,0,0,9,0,0
swedishproblems,0,0,0,0,0,0,0,0,0,0,0,9,6,0,0,0,0,0,0,6,0,0
FIU,0,0,0,0,0,0,0,0,0,0,0,9,0,0,0,0,0,0,0,0,0,0
tinycode,0,0,0,0,0,0,0,9,0,0,0,0,0,0,0,0,0,0,0,0,0,0
talesfromtamriel,0,0,0,0,0,0,9,0,0,0,0,0,0,0,0,0,0,0,0,0,0,0
ParallelWorldProblems,0,0,0,0,0,0,0,0,0,0,0,0,3,0,0,0,0,0,0,9,0,0
vegan,0,0,0,0,0,9,0,0,0,0,0,0,6,0,0,0,0,0,0,0,0,0
caps,0,0,0,0,0,0,0,0,0,0,9,6,0,0,0,0,0,0,0,0,0,0
SRSFoodies,0,0,0,0,0,9,0,0,0,9,0,0,0,0,0,0,0,0,0,0,0,0
Shadowrun,0,0,0,0,0,0,9,0,0,0,0,0,0,0,0,0,0,0,0,0,0,0
IndianaPacers,0,0,0,0,0,0,0,0,0,0,9,6,0,0,0,0,0,0,0,0,0,0
elderscrollsonline,0,0,0,0,0,0,9,0,0,0,0,0,0,0,0,0,0,0,0,0,0,0
appstate,0,0,0,0,0,0,0,0,0,0,0,9,0,0,0,0,0,0,0,0,0,0
Pokemongiveaway,0,0,0,0,0,0,9,0,0,0,0,0,0,0,0,0,0,0,0,0,0,0
sigurros,0,0,9,0,0,0,0,0,0,0,0,0,0,0,0,0,0,0,0,0,0,0
SkyrimPorn,0,0,0,0,0,0,9,0,0,0,0,0,0,0,0,0,0,0,0,0,0,0
fernsehen,0,0,0,0,0,0,0,0,0,0,0,9,0,0,0,6,6,0,0,0,0,0
Pegging,0,0,0,0,0,0,0,0,0,0,0,0,0,9,0,0,0,0,0,0,0,0
firefall,0,0,0,0,0,0,9,0,0,0,0,0,0,0,0,0,0,0,0,0,0,0
Proofreading,0,0,0,0,9,0,0,0,0,0,0,0,3,0,0,0,0,0,0,0,0,0
SFM,0,0,0,0,0,0,9,0,0,0,0,0,0,0,0,0,0,0,0,0,0,0
ClashOfClans,0,0,0,0,0,0,9,0,0,0,0,0,0,0,0,0,0,0,0,0,0,0
UWMadison,0,0,0,0,0,0,0,0,0,0,0,9,0,0,0,0,0,0,0,0,0,0
democrats,0,0,0,0,0,0,0,0,0,0,0,0,0,0,0,9,9,0,0,0,0,0
StarWars,9,0,0,0,0,0,0,0,0,0,0,0,0,0,0,0,0,0,0,0,0,0
linkoping,0,0,0,0,0,0,0,0,0,0,0,9,0,0,0,6,6,0,0,0,0,0
projecteternity,0,0,0,0,0,0,9,0,0,0,0,0,0,0,0,0,0,0,0,0,0,0
StateOfTheUnion,0,0,0,0,0,0,0,0,0,0,0,9,0,0,0,9,9,0,0,0,0,0
college,0,0,0,0,0,0,0,0,0,0,0,0,9,0,0,0,0,0,0,0,0,0
boobsandbottles,0,0,0,0,0,0,0,0,0,0,0,0,9,0,0,0,0,0,0,0,0,0
OneY,0,0,0,0,0,0,0,0,0,0,0,0,9,6,0,0,0,0,0,0,0,0
AnarchistNews,0,0,0,0,0,0,0,0,0,0,0,0,0,0,0,9,9,0,0,0,0,0
whowillbuildtheroads,0,0,0,0,0,0,0,0,0,0,0,0,0,0,0,0,9,0,0,0,0,0
cupcakes,0,0,0,0,0,9,0,0,0,0,0,0,0,0,0,0,0,0,0,0,0,0
Paleontology,0,0,0,0,0,0,0,0,9,0,0,0,0,0,0,0,0,0,0,0,0,0
Muse,0,0,9,0,0,0,0,0,0,0,0,0,0,0,0,0,0,0,0,0,0,0
breakingbad,0,9,0,0,0,0,0,0,0,0,0,0,0,0,0,0,0,0,0,0,0,0
outside,0,0,0,0,0,0,3,0,0,0,0,0,3,0,0,0,0,0,0,6,0,0
AtlantaHawks,0,0,0,0,0,0,0,0,0,0,9,6,0,0,0,0,0,0,0,0,0,0
EnoughObamaSpam,0,0,0,0,0,0,0,0,0,0,0,0,0,0,0,0,9,0,0,6,0,0
Astronomy,0,0,0,0,0,0,0,0,9,0,0,0,0,0,0,0,0,0,0,0,0,0
facepalm,0,0,0,0,0,0,0,0,0,0,0,0,0,0,0,0,0,0,0,9,0,0
santacruzlocals,0,0,0,0,0,0,0,0,0,0,0,9,0,0,0,0,0,0,0,0,0,0
mechmarket,0,0,0,0,0,0,0,6,0,0,0,0,0,0,0,0,0,0,0,0,0,0
3DMA,0,0,0,0,0,0,0,9,0,0,0,0,0,0,0,0,0,0,0,0,0,0
Metal,0,0,9,0,0,0,0,0,0,0,0,0,0,0,0,0,0,0,0,0,0,0
DSP,0,0,0,0,0,0,0,6,0,0,0,0,0,0,0,0,0,0,0,0,0,0
onebros,0,0,0,0,0,0,9,0,0,0,0,0,0,0,0,0,0,0,0,0,0,0
swinburne,0,0,0,0,0,0,0,9,0,0,0,0,0,0,0,0,0,0,0,0,0,0
NASCAR,0,0,0,0,0,0,0,0,0,0,9,0,0,0,0,0,0,0,0,0,0,0
GamePhysics,0,0,0,0,0,0,9,0,6,0,0,0,0,0,0,0,0,0,0,0,0,0
UniversityOfHouston,0,0,0,0,0,0,0,0,0,0,0,9,0,0,0,0,0,0,0,0,0,0
LOLDyrus,0,0,0,0,0,0,9,0,0,0,0,0,0,0,0,0,0,0,0,0,0,0
keto,0,0,0,0,0,9,0,0,0,0,0,0,6,0,0,0,0,0,0,0,0,0
SkyrimHelp,0,0,0,0,0,0,9,0,0,0,0,0,0,0,0,0,0,0,0,0,0,0
Zappa,0,0,9,0,0,0,0,0,0,0,0,0,0,0,0,0,0,0,0,0,0,0
countrygirls,0,0,0,0,0,0,0,0,0,0,0,0,0,9,0,0,0,0,0,0,0,0
BeautyDiagrams,0,0,0,0,0,0,0,0,0,0,0,0,6,0,0,0,0,0,0,0,0,0
Ghosts,0,0,0,0,0,0,0,0,0,0,0,0,6,0,0,0,0,0,0,0,0,0
ReadMyScript,0,0,0,0,9,0,0,0,0,0,0,0,6,0,0,0,0,0,0,0,0,0
Fire_Emblem,0,0,0,0,0,0,9,0,0,0,0,0,0,0,0,0,0,0,0,0,0,0
AustinClassifieds,0,0,0,0,0,0,0,0,0,0,0,6,0,0,0,0,0,0,0,0,0,0
roswell,0,0,0,0,0,0,0,0,0,0,0,9,0,0,0,6,6,0,0,0,0,0
uktrees,0,0,0,0,0,0,0,0,0,0,0,6,0,0,0,3,3,0,0,0,0,0
pussy,0,0,0,0,0,0,0,0,0,0,0,0,0,9,0,0,0,0,0,0,0,0
community,0,9,0,0,0,0,0,0,0,0,0,0,0,0,0,0,0,0,0,0,0,0
portlandtrees,0,0,0,0,0,0,0,0,0,0,0,9,6,0,0,6,0,0,0,0,0,0
AskScienceFiction,0,0,0,0,9,0,0,0,3,0,0,0,0,0,0,0,0,0,0,0,0,0
TransphobiaProject,0,0,0,0,0,0,0,0,0,0,0,0,6,3,9,0,0,0,0,0,0,0
usa,0,0,0,0,0,0,0,0,0,0,0,9,0,0,0,9,9,0,0,0,0,0
downtempo,0,0,9,0,0,0,0,0,0,0,0,0,0,0,0,0,0,0,0,0,0,0
Pokemonexchange,0,0,0,0,0,0,9,0,0,0,0,0,0,0,0,0,0,0,0,0,0,0
spaceribs,0,0,0,0,0,0,9,0,0,0,0,0,0,0,0,0,0,0,0,0,0,0
southafrica,0,0,0,0,0,0,0,0,0,0,0,9,0,0,0,0,0,0,0,0,0,0
perth,0,0,0,0,0,0,0,0,0,0,0,9,3,0,0,0,0,0,0,0,0,0
EA_NHL,0,0,0,0,0,0,9,0,0,0,9,0,0,0,0,0,0,0,0,0,0,0
meme,0,0,0,0,0,0,0,0,0,0,0,0,0,0,0,0,0,0,0,9,0,0
TrueBlood,0,9,0,0,0,0,0,0,0,0,0,0,0,0,0,0,0,0,0,0,0,0
footwork,0,0,9,0,0,0,0,0,0,0,0,0,0,0,0,0,0,0,0,0,0,0
audiojerk,0,0,3,0,0,0,0,0,0,0,0,0,0,0,0,0,0,0,0,9,0,0
ConnectedCareers,0,0,0,0,0,0,9,0,0,0,9,0,0,0,0,0,0,0,0,0,0,0
snackexchange,0,0,0,0,0,9,0,0,0,0,0,0,0,0,0,0,0,0,0,3,0,0
printmaking,0,0,0,9,0,0,0,0,0,0,0,0,0,0,0,0,0,0,0,0,0,0
gatech,0,0,0,0,0,0,0,0,0,0,6,9,0,0,0,0,0,0,0,0,0,0
ludology,0,0,0,0,0,0,9,0,0,0,0,0,0,0,0,0,0,0,0,0,0,0
ipad,0,0,0,0,0,0,0,9,0,0,0,0,0,0,0,0,0,0,0,0,0,0
hugeboobvideos,0,0,0,0,0,0,0,0,0,0,0,0,0,9,0,0,0,0,0,0,0,0
legs,0,0,0,0,0,0,0,0,0,0,0,0,0,9,0,0,0,0,0,0,0,0
AtheismComingOut,0,0,0,0,0,0,0,0,0,0,0,0,9,0,0,0,0,0,9,0,0,0
OaklandAthletics,0,0,0,0,0,0,0,0,0,0,9,6,0,0,0,0,0,0,0,0,0,0
Coldplay,0,0,9,0,0,0,0,0,0,0,0,0,0,0,0,0,0,0,0,0,0,0
retrogameswap,0,0,0,0,0,0,9,0,0,0,0,0,0,0,0,0,0,0,0,0,0,0
aiyu,0,0,9,0,0,0,0,0,0,0,0,0,0,0,0,0,0,0,0,0,0,0
INeedFeminismBecause,0,0,0,0,0,0,0,0,0,0,0,0,0,0,0,0,0,0,0,9,0,0
stopdrinking,0,0,0,0,0,0,0,0,0,0,0,0,9,0,0,0,0,0,0,0,0,0
scad,0,0,0,0,0,0,0,0,0,0,0,9,0,0,0,0,0,0,0,0,0,0
waterpolo,0,0,0,0,0,0,0,0,0,0,9,0,0,0,0,0,0,0,0,0,0,0
DebateCommunism,0,0,0,0,0,0,0,0,0,0,0,0,0,0,0,0,9,6,0,0,0,0
shrubs,0,0,0,0,0,0,0,0,0,0,0,0,0,0,0,0,0,0,0,9,0,0
redsox,0,0,0,0,0,0,0,0,0,0,9,0,0,0,0,0,0,0,0,0,0,0
politics,0,0,0,0,0,0,0,0,0,0,0,0,0,0,0,9,9,0,0,0,0,0
AnnArbor,0,0,0,0,0,0,0,0,0,0,0,9,0,0,0,0,0,0,0,0,0,0
Gothenburg,0,0,0,0,0,0,0,0,0,0,0,9,0,0,0,6,6,0,0,0,0,0
ForeverAlone,0,0,0,0,0,0,0,0,0,0,0,0,9,0,0,0,0,0,0,0,0,0
tf2memes,0,0,0,0,0,0,9,0,0,0,0,0,0,0,0,0,0,0,0,9,0,0
aoe2,0,0,0,0,0,0,9,0,0,0,0,0,0,0,0,0,0,0,0,0,0,0
NoPoo,0,0,0,0,0,0,0,0,0,0,0,0,9,0,0,0,0,0,0,0,0,0
Gundam,0,9,0,0,0,0,0,0,0,0,0,0,0,0,0,0,0,0,0,0,0,0
reggae,0,0,9,0,0,0,0,0,0,0,0,0,0,0,0,0,0,0,0,0,0,0
indianapolis,0,0,0,0,0,0,0,0,0,0,0,9,0,0,0,6,6,0,0,0,0,0
moviecritic,9,0,0,0,0,0,0,0,0,0,0,0,0,0,0,0,0,0,0,0,0,0
SoftcoreJapan,0,0,0,0,0,0,0,0,0,0,0,0,0,9,0,0,0,0,0,0,0,0
Augusta,0,0,0,0,0,0,0,0,0,0,0,9,0,0,0,6,0,0,0,0,0,0
TeraOnline,0,0,0,0,0,0,9,0,0,0,0,0,0,0,0,0,0,0,0,0,0,0
bipolar,0,0,0,0,0,0,0,0,0,0,0,0,9,0,0,0,0,0,0,0,0,0
glutenfreecooking,0,0,0,0,0,9,0,0,0,0,0,0,3,0,0,0,0,0,0,0,0,0
CultCinema,9,0,0,0,0,0,0,0,0,0,0,0,0,0,0,0,0,0,0,0,0,0
Bungie,0,0,0,0,0,0,9,0,0,0,0,0,0,0,0,0,0,0,0,0,0,0
ArtPorn,0,0,0,9,0,0,0,0,0,0,0,0,0,0,0,0,0,0,0,0,0,0
MyBloodyValentine,0,0,9,0,0,0,0,0,0,0,0,0,0,0,0,0,0,0,0,0,0,0
Fedora,0,0,0,0,0,0,0,9,0,0,0,0,0,0,0,0,0,0,0,0,0,0
steroids,0,0,0,0,0,0,0,0,9,0,0,0,9,0,0,0,0,0,0,0,0,0
coding,0,0,0,0,0,0,0,9,0,0,0,0,0,0,0,0,0,0,0,0,0,0
liquiddnb,0,0,9,0,0,0,0,0,0,0,0,0,0,0,0,0,0,0,0,0,0,0
Vanderbilt,0,0,0,0,0,0,0,0,0,0,6,9,0,0,0,0,0,0,0,0,0,0
converts,0,0,0,0,0,0,0,0,0,0,0,0,0,0,0,0,0,0,9,0,0,0
femalefashionadvice,0,0,0,0,0,0,0,0,0,0,0,0,9,0,0,0,0,0,0,0,0,0
NYCbike,0,0,0,0,0,0,0,0,0,0,0,9,9,0,0,0,0,0,0,0,0,0
day9,0,0,0,0,0,0,9,0,0,0,0,0,0,0,0,0,0,0,0,0,0,0
learnmath,0,0,0,0,0,0,0,0,9,0,0,0,0,0,0,0,0,0,0,0,0,0
Documentaries,9,0,0,0,0,0,0,0,0,0,0,0,0,0,0,0,0,9,0,0,0,0
FrenchHouse,0,0,9,0,0,0,0,0,0,0,0,6,0,0,0,0,0,0,0,0,0,0
Erotica,0,0,0,0,6,0,0,0,0,0,0,0,0,9,0,0,0,0,0,0,0,0
animegifs,0,9,0,0,0,0,0,0,0,0,0,0,0,0,0,0,0,0,0,0,0,0
writingcirclejerk,0,0,0,0,9,0,0,0,0,9,0,0,0,0,0,0,0,0,0,0,0,0
AsianLadyboners,0,0,0,0,0,0,0,0,0,0,0,0,0,6,0,0,0,0,0,0,0,0
ArtBattle,0,0,0,9,0,0,0,0,0,0,0,0,0,0,0,0,0,0,0,0,0,0
Scotland,0,0,0,0,0,0,0,0,0,0,0,9,0,0,0,6,6,0,0,0,0,0
KDRAMA,0,9,0,0,0,0,0,0,0,0,0,0,0,0,0,0,0,0,0,0,0,0
Utrecht,0,0,0,0,0,0,0,0,0,0,0,9,0,0,0,0,0,0,0,0,0,0
nycgaymers,0,0,0,0,0,0,9,0,0,0,0,9,0,0,9,0,0,0,0,0,0,0
d3loot,0,0,0,0,0,0,9,0,0,0,0,0,0,0,0,0,0,0,0,0,0,0
anchorage,0,0,0,0,0,0,0,0,0,0,0,9,0,0,0,6,0,0,0,0,0,0
ConnectedFantasy,0,0,0,0,0,0,6,0,0,0,9,0,0,0,0,0,0,0,0,0,0,0
penguins,0,0,0,0,0,0,0,0,0,0,0,0,0,0,0,0,0,0,0,0,9,0
armadev,0,0,0,0,0,0,9,6,0,0,0,0,0,0,0,0,0,0,0,0,0,0
Unity3D,0,0,0,0,0,0,9,6,0,0,0,0,0,0,0,0,0,0,0,0,0,0
lost,0,9,0,0,0,0,0,0,0,0,0,0,0,0,0,0,0,0,0,0,0,0
choralmusic,0,0,9,0,0,0,0,0,0,0,0,0,0,0,0,0,0,0,0,0,0,0
askashittyphilosopher,0,0,0,0,0,0,0,0,0,6,0,0,0,0,0,0,0,0,0,9,0,0
StarcraftFeedback,0,0,0,0,0,0,9,0,0,0,0,0,0,0,0,0,0,0,0,0,0,0
slowcooking,0,0,0,0,0,9,0,0,0,0,0,0,0,0,0,0,0,0,0,0,0,0
latterdaysaints,0,0,0,0,0,0,0,0,0,0,0,0,0,0,0,0,0,0,9,0,0,0
spaceporn,0,0,0,0,0,0,0,0,0,0,0,0,0,0,0,0,0,0,0,0,0,9
conspiratard,0,0,0,0,0,0,0,0,0,9,0,0,0,0,0,0,0,0,0,6,0,0
women,0,0,0,0,0,0,0,0,0,0,0,0,0,6,0,0,0,0,0,0,0,0
IWantOut,0,0,0,0,0,0,0,0,0,0,0,0,9,0,0,0,0,0,0,0,0,0
ifiwonthelottery,0,0,0,0,0,0,0,0,0,0,0,0,9,0,0,0,0,0,0,0,0,0
explainlikeimjive,0,0,0,0,0,0,0,0,0,0,0,0,0,0,0,0,0,0,0,9,0,0
cuteguyswithcats,0,0,0,0,0,0,0,0,0,0,0,0,0,6,0,0,0,0,0,0,0,0
OneParagraph,0,0,0,0,9,0,0,0,0,0,0,0,3,0,0,0,0,0,0,0,0,0
nashville,0,0,0,0,0,0,0,0,0,0,0,9,0,0,0,6,6,0,0,0,0,0
newfoundland,0,0,0,0,0,0,0,0,0,0,0,9,0,0,0,6,6,0,0,0,0,0
MapPorn,0,0,0,0,0,0,0,0,0,0,0,0,0,0,0,0,0,9,0,0,0,0
ICoveredASong,0,0,9,0,0,0,0,0,0,0,0,0,0,0,0,0,0,0,0,0,0,0
windowsphone,0,0,0,0,0,0,0,9,0,0,0,0,0,0,0,0,0,0,0,0,0,0
DestinyTheGame,0,0,0,0,0,0,9,0,0,0,0,0,0,0,0,0,0,0,0,0,0,0
ausents,0,0,0,0,0,0,0,0,0,0,0,9,0,0,0,0,0,0,0,0,0,0
Mylittlenosleep,0,9,0,0,0,0,0,0,0,0,0,0,0,0,0,0,0,0,0,0,0,0
Chameleons,0,0,0,0,0,0,0,0,0,0,0,0,0,0,0,0,0,0,0,0,9,0
shittybattlestations,0,0,0,0,0,0,0,9,0,0,0,0,0,0,0,0,0,0,0,9,0,0
musicpics,0,0,9,0,0,0,0,0,0,0,0,0,0,0,0,0,0,0,0,0,0,0
Diablo,0,0,0,0,0,0,9,0,0,0,0,0,0,0,0,0,0,0,0,0,0,0
UQreddit,0,0,0,0,0,0,0,0,0,0,0,9,0,0,0,0,0,0,0,0,0,0
offset,0,0,9,0,0,0,0,0,0,0,0,0,0,0,0,0,0,0,0,0,0,0
grandrapids,0,0,0,0,0,0,0,0,0,0,0,9,0,0,0,6,0,0,0,0,0,0
Maddenccred,0,0,0,0,0,0,9,0,0,0,9,0,0,0,0,0,0,0,0,0,0,0
ultrahardcore,0,0,0,0,0,0,9,0,0,0,0,0,0,0,0,0,0,0,0,0,0,0
IncestPersonals,0,0,0,0,0,0,0,0,0,0,0,0,0,9,0,0,0,0,0,0,0,0
BodyAcceptance,0,0,0,0,0,0,0,0,0,0,0,0,9,6,0,0,0,0,0,0,0,0
Phillylist,0,0,0,0,0,0,0,0,0,0,0,9,0,0,0,0,0,0,0,0,0,0
savannah,0,0,0,0,0,0,0,0,0,0,0,9,0,0,0,6,6,0,0,0,0,0
UWMadison,0,0,0,0,0,0,0,0,0,0,6,9,0,0,0,0,0,0,0,0,0,0
linux,0,0,0,0,0,0,0,9,0,0,0,0,0,0,0,0,0,0,0,0,0,0
oliviawilde,0,0,0,0,0,0,0,0,0,0,0,0,0,9,0,0,0,0,0,0,0,0
Sonics,0,0,0,0,0,0,0,0,0,0,9,6,0,0,0,0,0,0,0,0,0,0
Melanime,0,9,0,0,0,0,0,0,0,0,0,0,0,0,0,0,0,0,0,0,0,0
SRSSocialism,0,0,0,0,0,0,0,0,0,9,0,0,0,0,0,0,9,0,0,0,0,0
tappedout,0,6,0,0,0,0,9,0,0,0,0,0,0,0,0,0,0,0,0,0,0,0
genomics,0,0,0,0,0,0,0,0,9,0,0,0,0,0,0,0,0,0,0,0,0,0
askaconservative,0,0,0,0,0,0,0,0,0,0,0,0,0,0,0,0,9,0,0,0,0,0
space,0,0,0,0,0,0,0,0,9,0,0,0,0,0,0,0,0,0,0,0,0,9
Hammocks,0,0,0,0,0,0,0,0,0,0,0,0,6,0,0,0,0,0,0,0,0,0
OSU,0,0,0,0,0,0,0,0,0,0,6,9,0,0,0,0,0,0,0,0,0,0
printSF,0,0,0,0,9,0,0,0,0,0,0,0,0,0,0,0,0,0,0,0,0,0
Indiemakeupandmore,0,0,0,0,0,0,0,0,0,0,0,0,6,0,0,0,0,0,0,0,0,0
SaltLakeCity,0,0,0,0,0,0,0,0,0,0,0,9,0,0,0,6,6,0,0,0,0,0
FemBoys,0,0,0,0,0,0,0,0,0,0,0,0,0,9,6,0,0,0,0,0,0,0
CivcraftNine,0,0,0,0,0,0,9,0,0,0,0,0,0,0,0,0,0,0,0,0,0,0
Drumming,0,0,9,0,0,0,0,0,0,0,0,0,0,0,0,0,0,0,0,0,0,0
nfffffffluuuuuuuuuuuu,0,0,0,0,0,0,0,0,0,3,0,0,0,0,0,0,0,0,0,9,0,0
singapore,0,0,0,0,0,0,0,0,0,0,0,9,0,0,0,6,6,0,0,0,0,0
AtlanticDivision,0,0,0,0,0,0,0,0,0,0,9,0,0,0,0,0,0,0,0,0,0,0
makeupexchange,0,0,0,0,0,0,0,0,0,0,0,0,6,0,0,0,0,0,0,0,0,0
software,0,0,0,0,0,0,0,9,0,0,0,0,0,0,0,0,0,0,0,0,0,0
sysadmin,0,0,0,0,0,0,0,9,0,0,0,0,0,0,0,0,0,0,0,0,0,0
vba,0,0,0,0,0,0,0,9,0,0,0,0,0,0,0,0,0,0,0,0,0,0
C25K,0,0,0,0,0,0,0,0,0,0,0,0,9,0,0,0,0,0,0,0,0,0
raspberry_pi,0,0,0,0,0,0,0,9,0,0,0,0,0,0,0,0,0,0,0,0,0,0
badassgirls,0,0,0,0,0,0,0,0,0,0,0,0,0,9,0,0,0,0,0,0,0,0
WarZLFG,0,0,0,0,0,0,9,0,0,0,0,0,0,0,0,0,0,0,0,0,0,0
ussoccer,0,0,0,0,0,0,0,0,0,0,9,6,0,0,0,0,0,0,0,0,0,0
redstone360,0,0,0,0,0,0,9,0,0,0,0,0,0,0,0,0,0,0,0,0,0,0
india,0,0,0,0,0,0,0,0,0,0,0,9,0,0,0,6,6,0,0,0,0,0
write,0,0,0,0,9,0,0,0,0,0,0,0,0,0,0,0,0,0,0,0,0,0
Cynicalbrit,0,0,0,0,0,0,9,0,0,0,0,0,0,0,0,0,0,0,0,0,0,0
metalmusicians,0,0,9,0,0,0,0,0,0,0,0,0,0,0,0,0,0,0,0,0,0,0
WorldofTanks,0,0,0,0,0,0,9,0,0,0,0,0,0,0,0,0,0,0,0,0,0,0
dayzlfg,0,0,0,0,0,0,9,0,0,0,0,0,0,0,0,0,0,0,0,0,0,0
pansexual,0,0,0,0,0,0,0,0,0,0,0,0,0,9,9,0,0,0,0,0,0,0
AsianBeauty,0,0,0,0,0,0,0,0,0,0,0,0,9,9,0,0,0,0,0,0,0,0
bestporno,0,0,0,0,0,0,0,0,0,0,0,0,0,9,0,0,0,0,0,0,0,0
nuzlocke,0,0,0,0,0,0,9,0,0,0,0,0,0,0,0,0,0,0,0,0,0,0
bigboobproblems,0,0,0,0,0,0,0,0,0,0,0,0,9,0,0,0,0,0,0,0,0,0
chicagobulls,0,0,0,0,0,0,0,0,0,0,9,6,0,0,0,0,0,0,0,0,0,0
Daww,0,0,0,0,0,0,0,0,0,0,0,0,0,0,0,0,0,0,0,0,9,0
SkyrimHelp,0,0,0,0,0,0,9,0,0,0,0,0,0,0,0,0,0,0,0,0,0,0
microbiology,0,0,0,0,0,0,0,0,9,0,0,0,0,0,0,0,0,0,0,0,0,0
XXX_Animated_Gifs,0,0,0,0,0,0,0,0,0,0,0,0,0,9,0,0,0,0,0,0,0,0
water,0,0,0,0,0,9,0,0,0,0,0,0,0,0,0,0,0,0,0,0,0,0
Juicing,0,0,0,0,0,9,0,0,0,0,0,0,0,0,0,0,0,0,0,0,0,0
spicy,0,0,0,0,0,9,0,0,0,0,0,0,0,0,0,0,0,0,0,0,0,0
TheRedPill,0,0,0,0,0,0,0,0,0,0,0,0,9,9,0,0,0,0,0,0,0,0
crochet,0,0,0,0,0,0,0,0,0,0,0,0,6,0,0,0,0,0,0,0,0,0
amv,0,9,9,0,0,0,0,0,0,0,0,0,0,0,0,0,0,0,0,0,0,0
speedrun,0,0,0,0,0,0,9,0,0,0,0,0,0,0,0,0,0,0,0,0,0,0
GW2_Guild,0,0,0,0,0,0,9,0,0,0,0,0,0,0,0,0,0,0,0,0,0,0
tabletopgamedesign,0,0,0,0,0,0,9,0,0,0,0,0,0,0,0,0,0,0,0,0,0,0
PloungeMafia,0,9,0,0,0,0,0,0,0,0,0,0,0,0,0,0,0,0,0,0,0,0
oblivion,0,0,0,0,0,0,9,0,0,0,0,0,0,0,0,0,0,0,0,0,0,0
Demotivational,0,0,0,0,0,0,0,0,0,0,0,0,0,0,0,0,0,0,0,9,0,0
CircleMusic,0,0,9,0,0,0,0,0,0,0,0,0,0,0,0,0,0,0,0,0,0,0
hamburg,0,0,0,0,0,0,0,0,0,0,0,9,0,0,0,6,6,0,0,0,0,0
That70sshow,0,9,0,0,0,0,0,0,0,0,0,0,0,0,0,0,0,0,0,0,0,0
Pegging,0,0,0,0,0,0,0,0,0,0,0,0,0,9,0,0,0,0,0,0,0,0
AtomsForPeace,0,0,9,0,0,0,0,0,0,0,0,0,0,0,0,0,0,0,0,0,0,0
Techno,0,0,9,0,0,0,0,0,0,0,0,0,0,0,0,0,0,0,0,0,0,0
GayDaddiesPics,0,0,0,0,0,0,0,0,0,0,0,0,0,9,9,0,0,0,0,0,0,0
cats,0,0,0,0,0,0,0,0,0,0,0,0,0,0,0,0,0,0,0,0,9,0
vita,0,0,0,0,0,0,9,0,0,0,0,0,0,0,0,0,0,0,0,0,0,0
MexicoIAMA,0,0,0,0,0,0,0,0,0,0,0,9,0,0,0,3,3,0,0,0,0,0
ukulele,0,0,9,0,0,0,0,0,0,0,0,0,0,0,0,0,0,0,0,0,0,0
gonewildcurvy,0,0,0,0,0,0,0,0,0,0,0,0,0,9,0,0,0,0,0,0,0,0
